ID,Region ID,Suburb ID,Units,Fatalities,Injuries,Date,Time,Speed Limit,Road Type ID,Curve ID,Slope ID,Surface ID,Dry,Raining,Day,Crash Type ID,Alcohol,Drugs
574,2,956,2,1,0,2012-06-01,11:30,60,14,2,4,1,1,0,1,9,0,0
883,2,1618,2,1,2,2012-01-01,11:50,100,1,3,3,1,0,0,1,10,0,0
890,3,699,2,1,7,2012-01-01,16:00,100,7,3,3,1,1,0,1,1,0,0
1023,3,1161,2,1,0,2012-01-01,16:15,100,7,3,3,1,1,0,1,1,0,0
1616,2,1377,4,1,0,2012-01-01,16:10,80,7,2,4,1,1,0,1,3,1,0
1861,3,1231,2,1,0,2012-01-01,01:30,100,14,1,3,1,1,0,0,3,1,0
1963,3,1594,2,1,0,2012-01-01,16:04,80,7,2,4,1,1,0,1,3,0,0
2771,3,773,1,1,0,2012-02-01,03:00,100,7,3,3,2,1,0,0,12,1,0
3190,2,487,2,1,2,2012-02-01,04:35,60,7,3,3,1,1,0,0,3,1,0
3204,2,720,2,1,0,2012-02-01,11:00,80,7,2,4,1,1,0,1,12,1,0
3276,2,87,2,1,0,2012-02-01,02:18,70,3,1,3,1,1,0,0,3,1,0
3304,3,1147,2,1,0,2012-02-01,12:30,50,9,3,3,1,1,0,1,6,0,0
3487,3,735,2,1,0,2012-02-01,06:50,110,7,3,3,1,1,0,0,3,0,0
3500,3,899,2,1,0,2012-02-01,09:05,60,3,3,3,1,1,0,1,10,0,0
3636,3,1446,1,1,0,2012-02-01,21:00,100,7,2,3,1,1,0,0,12,1,0
3900,2,235,2,1,0,2012-02-01,21:51,80,7,2,3,1,0,1,0,1,1,0
4053,3,423,1,1,0,2012-03-01,02:20,110,7,3,3,1,1,0,0,12,1,0
4320,3,647,2,1,1,2012-03-01,10:25,110,7,3,3,1,1,0,1,1,0,0
4444,2,319,2,1,0,2012-03-01,08:20,80,7,1,3,1,1,0,1,3,0,0
4482,2,1569,3,1,3,2012-03-01,17:20,80,7,2,3,1,1,0,1,3,0,0
4757,2,1056,2,1,0,2012-03-01,20:30,90,14,3,3,1,0,0,0,11,0,0
5050,3,476,2,1,1,2012-03-01,09:35,100,11,3,3,1,1,0,1,10,0,0
5139,3,1027,2,2,0,2012-03-01,15:00,110,7,2,3,1,1,0,1,1,0,0
5201,3,1076,2,1,1,2012-03-01,16:50,110,7,3,3,1,1,0,1,1,0,0
5313,2,427,3,1,0,2012-03-01,11:00,60,7,3,3,1,1,0,1,13,0,0
6074,2,676,2,1,0,2012-04-01,10:20,60,7,3,3,1,1,0,1,3,0,0
6284,3,1141,2,1,0,2012-04-01,13:40,50,14,3,3,1,1,0,1,6,0,1
6396,2,665,2,1,0,2012-04-01,20:15,60,3,3,3,1,1,0,0,6,1,0
6992,2,1451,2,1,0,2012-04-01,12:30,90,14,3,3,1,1,0,1,10,0,0
7061,3,638,2,1,3,2012-04-01,22:02,100,7,2,4,1,1,0,0,3,0,0
7336,3,684,2,2,0,2012-04-01,10:35,100,6,3,3,1,1,0,1,10,0,0
7396,3,772,4,1,2,2012-04-01,11:20,110,7,3,3,1,1,0,1,13,0,0
7436,2,129,3,2,0,2012-04-01,05:05,90,3,3,3,1,1,0,0,3,0,0
7538,2,435,2,1,0,2012-04-01,11:45,60,14,3,2,1,1,0,1,6,0,0
7703,3,1554,2,1,0,2012-05-01,03:55,100,7,1,3,1,1,0,0,3,1,0
7731,2,732,2,1,1,2012-05-01,08:40,80,11,1,4,1,1,0,1,1,0,0
9001,3,75,1,1,0,2012-05-01,20:30,50,7,3,3,2,1,0,0,12,1,0
9259,2,830,3,1,0,2012-05-01,11:15,60,3,3,3,1,1,0,1,3,0,1
9437,2,304,1,1,0,2012-05-01,12:00,60,3,3,3,1,NULL,NULL,1,8,0,0
9790,2,1367,4,1,0,2012-06-01,09:48,60,1,3,3,1,1,0,1,10,0,0
10013,3,329,2,1,0,2012-06-01,07:30,100,7,1,2,1,1,0,1,3,0,0
10081,3,1226,1,1,0,2012-06-01,01:00,50,7,3,3,1,1,0,0,8,1,0
10202,2,630,2,1,0,2012-06-01,17:00,100,7,3,3,1,1,0,1,9,0,0
10427,3,755,2,1,0,2012-06-01,20:40,80,7,3,4,1,1,0,0,6,0,0
11305,3,1148,3,1,0,2012-06-01,02:30,110,7,3,3,1,1,0,0,2,0,1
11858,2,663,2,1,1,2012-07-01,13:00,60,14,3,3,1,1,0,1,11,0,0
12291,3,1298,3,1,4,2012-07-01,18:15,110,7,2,3,1,0,1,0,10,0,0
12498,2,109,4,1,0,2012-07-01,14:00,80,7,3,3,1,1,0,1,3,0,0
13262,2,162,2,1,0,2012-07-01,18:00,60,14,3,3,1,0,1,0,9,0,0
13278,2,1239,2,1,0,2012-07-01,05:20,80,3,3,3,1,0,1,0,3,0,0
13740,3,856,6,1,2,2012-08-01,18:20,110,4,3,3,1,1,0,0,9,0,1
13754,3,135,2,1,1,2012-08-01,23:40,110,7,2,3,1,1,0,0,3,1,0
13783,3,899,2,1,0,2012-08-01,19:49,50,7,2,3,1,0,0,0,3,1,0
14119,3,1628,2,3,0,2012-08-01,08:15,110,7,3,NULL,1,1,0,1,1,0,0
15071,2,1586,6,2,0,2012-08-01,11:50,60,10,3,3,1,1,0,1,3,1,0
15330,3,279,1,1,1,2012-08-01,12:10,110,7,3,3,1,1,0,1,12,0,0
15625,2,1302,2,1,0,2012-09-01,10:55,60,3,3,4,1,1,0,1,6,0,0
15885,3,790,1,1,2,2012-09-01,03:15,110,7,3,3,1,1,0,0,12,0,0
15930,3,1449,2,1,0,2012-09-01,13:10,50,7,3,3,1,1,0,1,3,0,0
16387,2,1024,2,1,0,2012-09-01,16:15,80,7,3,4,1,1,0,1,3,0,0
16748,3,259,2,1,0,2012-09-01,19:46,80,14,3,3,1,1,0,0,10,0,0
16935,2,1236,2,1,0,2012-09-01,22:05,80,3,2,4,1,1,0,0,3,0,0
17126,2,1583,3,1,0,2012-09-01,17:00,100,7,3,3,1,0,1,1,1,0,0
17210,2,594,3,1,4,2012-09-01,17:30,80,7,1,4,1,1,0,1,1,0,0
18431,2,677,2,1,0,2012-10-01,09:00,50,7,3,3,1,1,0,1,3,0,0
18602,3,1188,2,2,0,2012-10-01,05:25,110,7,2,3,1,1,0,0,3,1,0
18696,2,1541,2,1,0,2012-10-01,17:25,110,3,2,3,1,1,0,1,3,0,0
18958,2,1367,2,1,0,2012-10-01,21:05,60,3,3,3,1,1,0,0,9,1,0
20037,2,956,2,1,1,2012-11-01,12:00,50,7,2,3,1,1,0,1,1,0,0
20317,2,733,2,1,1,2012-11-01,14:30,80,7,2,1,1,1,0,1,1,0,0
20364,3,1362,1,1,0,2012-11-01,05:00,110,3,2,3,1,1,0,0,12,0,0
20537,3,777,2,1,0,2012-11-01,13:50,50,7,2,4,1,1,0,1,3,0,0
20612,2,501,2,1,0,2012-11-01,14:45,90,3,3,3,1,1,0,1,6,0,0
20624,2,1488,1,1,0,2012-11-01,23:55,90,7,3,3,1,1,0,0,12,1,0
20655,3,181,2,2,0,2012-11-01,02:40,110,1,3,3,1,1,0,0,10,0,0
21064,3,1298,2,1,0,2012-12-01,05:20,110,7,3,3,1,1,0,0,1,0,0
21535,2,1055,2,1,0,2012-12-01,11:05,60,3,3,3,1,1,0,1,9,0,0
21834,3,748,2,1,0,2012-12-01,10:50,100,7,3,3,1,1,0,1,3,0,0
22050,3,1550,3,1,2,2012-12-01,14:44,100,7,1,4,1,1,0,1,1,0,0
22330,3,712,2,1,0,2012-12-01,20:00,100,7,2,3,2,1,0,1,3,1,0
22483,3,962,2,1,0,2012-12-01,13:40,110,7,1,3,1,1,0,1,3,0,0
22523,3,834,1,1,0,2012-12-01,12:30,100,7,3,3,2,1,0,1,7,0,0
22609,2,1082,2,1,4,2012-12-01,13:20,100,1,3,3,1,1,0,1,10,0,0
22643,2,1583,2,1,0,2012-12-01,11:05,80,7,3,3,1,1,0,1,9,0,0
22738,3,1147,2,1,0,2012-12-01,17:30,40,7,3,3,2,1,0,1,3,0,0
22780,2,1314,2,1,0,2012-12-01,21:25,60,10,3,3,1,1,0,0,6,1,0
23304,2,1587,4,2,1,2013-01-01,07:15,50,7,3,3,1,1,0,1,3,0,0
23330,2,1201,2,1,1,2013-05-01,15:40,50,7,2,3,1,0,1,1,3,0,0
23380,2,1221,4,1,1,2013-01-01,18:10,50,7,3,3,1,1,0,1,13,0,0
23451,2,741,2,2,0,2013-01-01,00:40,60,7,1,3,1,1,0,0,10,0,0
23866,2,120,2,1,1,2013-01-01,14:45,60,14,3,3,1,1,0,1,10,0,0
23962,3,1135,2,1,0,2013-01-01,15:15,60,7,3,4,1,1,0,1,6,0,0
23996,2,599,2,1,0,2013-01-01,22:20,60,14,1,4,1,1,0,0,3,0,0
24138,2,1133,2,1,0,2013-01-01,01:00,50,7,3,3,1,1,0,0,3,0,0
24264,3,480,2,1,0,2013-01-01,12:45,100,7,3,3,1,1,0,1,1,0,0
25008,2,1434,2,1,0,2013-02-01,07:50,60,3,3,3,1,1,0,1,6,0,0
25173,3,1404,2,1,1,2013-02-01,02:15,100,7,1,3,2,1,0,0,3,0,0
25224,3,638,2,1,1,2013-02-01,07:05,100,7,2,4,1,1,0,1,1,0,0
25333,3,1161,2,1,0,2013-02-01,17:30,80,14,2,3,1,1,0,1,10,0,0
25864,3,1207,1,1,0,2013-03-01,19:50,50,14,3,3,1,1,0,1,8,0,0
25883,3,498,2,1,0,2013-03-01,22:45,100,7,3,3,2,1,0,0,3,0,0
26005,3,318,2,1,2,2013-03-01,13:50,110,7,3,3,1,1,0,1,1,0,0
26006,2,1276,2,1,0,2013-03-01,20:30,50,14,3,3,1,1,0,0,6,0,0
26181,2,1224,2,1,0,2013-03-01,08:15,50,7,3,3,1,1,0,1,3,0,0
26257,3,1364,2,2,0,2013-03-01,10:30,100,7,3,3,2,1,0,1,3,0,0
26346,2,1004,2,1,0,2013-03-01,12:38,60,3,3,3,1,1,0,1,6,0,0
26590,3,1606,1,1,1,2013-03-01,17:10,110,7,3,3,1,1,0,1,12,0,0
26792,3,261,2,1,0,2013-03-01,12:30,80,7,2,4,1,0,1,1,1,0,0
26798,3,755,2,1,0,2013-03-01,12:35,90,7,1,4,1,0,0,1,3,0,0
26850,3,1594,2,1,0,2013-03-01,14:53,100,7,1,4,1,1,0,1,3,0,0
26921,3,106,1,1,1,2013-03-01,11:30,110,7,2,3,1,1,0,1,12,0,0
27111,3,661,2,2,1,2013-03-01,02:48,110,7,3,3,1,1,0,0,1,0,0
27146,3,1036,2,1,4,2013-03-01,23:30,100,9,3,3,2,1,0,0,3,0,0
27218,3,869,2,1,0,2013-03-01,23:45,50,7,1,4,1,1,0,0,3,0,0
27235,2,1488,3,1,0,2013-04-01,17:40,90,3,3,3,1,1,0,1,6,0,0
27494,3,815,1,1,0,2013-04-01,22:00,25,9,NULL,3,2,1,0,0,12,0,0
28181,2,602,3,1,0,2013-04-01,10:45,60,3,3,4,1,1,0,1,13,0,0
28315,3,173,2,1,0,2013-04-01,08:00,100,7,3,3,2,1,0,1,3,0,0
28563,3,899,4,1,0,2013-05-01,13:35,50,7,3,4,1,1,0,1,3,0,0
28792,3,682,2,1,1,2013-05-01,08:50,100,1,1,3,2,1,0,1,10,0,0
29143,2,89,2,1,0,2013-05-01,15:20,60,14,3,4,1,0,1,1,9,0,0
29519,2,1015,6,1,4,2013-05-01,14:01,50,9,NULL,3,1,1,0,1,6,0,0
30124,3,1208,2,1,0,2013-06-01,16:00,50,7,3,3,1,1,0,1,6,0,0
30180,3,75,2,2,0,2013-06-01,15:15,80,14,3,3,1,1,0,1,11,0,0
30315,2,109,2,1,0,2013-06-01,13:40,100,7,2,3,1,1,0,1,3,0,0
30472,2,1583,2,1,0,2013-06-01,16:35,80,7,3,3,1,1,0,1,3,0,0
30843,2,456,2,1,0,2013-06-01,15:05,60,1,3,4,1,1,0,1,13,0,0
30990,3,513,3,1,0,2013-06-01,02:00,100,7,1,1,2,0,1,0,3,0,0
31055,3,938,4,1,2,2013-06-01,19:20,50,14,3,3,1,1,0,0,3,0,0
31060,3,631,2,1,0,2013-06-01,22:48,100,7,1,2,1,1,0,0,3,0,0
31100,3,1143,2,1,1,2013-06-01,13:45,110,14,2,3,1,0,1,1,9,0,0
31145,3,689,2,2,0,2013-06-01,08:50,100,1,3,3,1,1,0,1,10,0,0
31176,3,709,3,1,1,2013-06-01,08:50,100,1,3,3,1,1,0,1,10,0,0
31671,2,808,8,1,2,2013-07-01,16:33,60,6,3,3,1,1,0,1,13,0,0
32035,2,1165,7,1,3,2013-07-01,15:05,50,7,3,3,1,1,0,1,6,0,0
32116,3,306,1,1,0,2013-07-01,21:30,25,7,3,4,1,0,1,0,7,0,0
32152,2,470,3,1,2,2013-07-01,17:45,60,6,3,3,1,1,0,0,10,0,0
32328,2,129,2,1,0,2013-07-01,07:30,90,3,3,3,1,0,0,1,3,0,0
32415,2,717,1,1,0,2013-07-01,14:30,50,3,3,4,1,1,0,1,12,0,0
32552,2,1440,2,1,0,2013-07-01,10:03,60,14,3,4,1,1,0,1,6,0,0
32553,1,3,2,1,0,2013-07-01,12:38,50,1,3,3,1,1,0,1,6,0,0
32600,3,328,3,1,0,2013-07-01,05:15,100,7,3,3,1,1,0,0,3,0,0
32728,2,546,3,1,0,2013-07-01,14:30,80,3,3,4,1,1,0,1,3,0,0
32779,2,1513,2,1,0,2013-07-01,15:45,60,1,3,3,1,1,0,1,11,0,0
33566,3,34,1,1,1,2013-08-01,02:05,110,7,3,3,2,1,0,0,12,0,0
33612,2,1267,2,1,0,2013-08-01,10:25,50,3,3,4,1,0,0,1,3,0,0
33962,3,1358,2,1,2,2013-08-01,13:41,110,1,3,2,1,1,0,1,10,0,0
34069,2,603,1,1,0,2013-08-01,15:35,80,7,2,4,1,1,0,1,12,0,0
34074,3,857,2,1,1,2013-08-01,17:06,110,7,3,3,1,1,0,1,1,0,0
34224,3,1086,2,3,0,2013-08-01,07:45,110,7,3,4,1,1,0,1,12,0,0
34242,2,153,4,1,0,2013-08-01,19:10,110,4,1,4,1,1,0,0,6,0,0
34909,3,672,2,1,1,2013-09-01,12:35,110,7,2,3,1,1,0,1,1,0,0
35333,3,1419,2,1,0,2013-09-01,11:55,80,7,2,3,1,1,0,1,12,0,0
35457,2,532,2,1,0,2013-09-01,09:30,110,4,3,4,1,1,0,1,6,0,0
35696,2,489,2,1,0,2013-10-01,16:35,60,14,3,4,1,1,0,1,11,0,0
35753,2,1053,3,1,1,2013-10-01,15:45,60,3,3,3,1,1,0,1,9,0,0
35947,3,895,2,1,0,2013-10-01,08:10,100,7,1,3,1,1,0,1,3,0,0
35997,2,853,2,1,0,2013-10-01,15:10,80,14,3,4,1,1,0,1,13,0,0
36351,2,486,2,1,0,2013-10-01,07:40,50,7,2,3,1,1,0,1,3,0,0
36582,2,109,2,1,1,2013-10-01,18:58,80,14,2,3,1,1,0,1,10,0,0
37257,3,709,2,1,2,2013-11-01,16:10,100,7,2,3,1,1,0,1,1,0,0
37261,2,252,3,1,5,2013-11-01,05:40,60,3,3,3,1,1,0,1,1,0,0
37282,2,32,2,1,0,2013-11-01,02:45,50,7,1,3,1,1,0,0,6,0,0
37694,2,717,5,1,1,2013-11-01,07:20,100,4,2,4,1,1,0,1,9,0,0
37863,3,778,2,1,0,2013-11-01,14:11,100,7,2,3,1,1,0,1,3,0,0
37986,3,570,2,1,0,2013-11-01,07:45,100,7,3,3,1,1,0,1,3,0,0
38189,3,1624,2,1,3,2013-11-01,18:00,100,1,3,3,2,1,0,1,10,0,0
38232,3,148,2,1,0,2013-11-01,17:15,100,7,2,3,2,1,0,1,3,0,0
38413,3,288,2,1,0,2013-12-01,15:50,110,7,3,3,1,1,0,1,1,0,0
38581,3,647,2,1,0,2013-12-01,06:45,110,7,2,1,1,1,0,1,3,0,0
38597,2,971,2,1,0,2013-12-01,16:15,60,7,3,4,1,1,0,1,3,0,0
38728,3,139,4,1,2,2013-12-01,02:55,50,7,3,3,1,1,0,0,3,0,0
38831,3,1382,2,1,0,2013-12-01,21:40,100,7,2,3,1,1,0,0,3,0,0
39330,2,573,2,1,2,2013-12-01,11:00,60,7,3,3,1,1,0,1,3,0,0
39362,3,748,2,1,0,2013-12-01,10:40,100,7,3,3,1,1,0,1,9,0,0
40646,3,290,2,1,2,2014-01-01,14:40,110,7,3,3,1,1,0,0,1,0,0
40677,3,893,2,1,1,2014-01-01,14:40,100,7,3,3,1,1,0,1,1,0,0
40701,2,1440,2,1,0,2014-01-01,01:00,60,1,2,4,1,1,0,0,12,0,0
40718,3,36,2,1,3,2014-01-01,17:45,100,7,1,3,2,1,0,1,3,0,0
41039,2,1603,3,1,0,2014-01-01,09:35,50,7,3,4,1,1,0,1,6,0,0
41111,2,338,2,1,0,2014-01-01,20:00,50,7,3,3,1,1,0,0,6,0,0
41239,3,1399,2,2,0,2014-01-01,11:10,110,7,3,3,1,1,0,1,1,0,0
41303,2,1257,2,1,0,2014-02-01,09:15,60,14,3,2,1,1,0,1,3,0,0
41411,3,968,2,1,0,2014-02-01,17:54,110,7,3,3,1,1,0,1,12,0,0
41623,3,1198,2,1,0,2014-02-01,18:55,90,7,3,3,1,1,0,1,3,0,0
42279,2,806,3,1,1,2014-02-01,20:40,80,7,3,3,1,1,0,0,6,0,0
42543,3,1543,2,1,0,2014-02-01,22:00,100,7,2,3,1,1,0,0,3,0,0
42599,3,1577,2,1,0,2014-03-01,02:15,100,7,2,3,1,1,0,0,3,0,0
42616,2,997,7,1,5,2014-03-01,20:51,60,14,3,3,1,1,0,0,6,0,0
42617,2,548,3,1,0,2014-03-01,19:15,100,7,2,2,1,1,0,0,3,0,0
42646,2,665,2,1,0,2014-03-01,12:55,60,3,3,3,1,1,0,1,1,0,0
42856,2,546,3,1,0,2014-03-01,11:00,60,3,3,1,1,1,0,1,3,0,0
43128,3,1196,3,1,1,2014-03-01,19:25,60,7,2,3,1,1,0,0,3,0,0
43187,3,749,1,2,4,2014-03-01,06:50,110,3,3,3,1,1,0,1,12,0,0
43193,2,516,2,1,0,2014-03-01,09:40,60,3,3,3,1,1,0,1,9,0,0
43321,2,1284,2,1,0,2014-03-01,06:10,110,3,3,3,1,1,0,0,9,0,0
43516,3,1169,1,1,0,2014-03-01,01:25,100,7,2,3,1,1,0,0,12,0,0
43706,3,1543,2,1,0,2014-03-01,06:10,100,7,1,3,1,0,0,0,3,0,0
44489,2,389,2,1,1,2014-04-01,11:46,60,10,3,3,1,1,0,1,6,0,0
44953,3,962,2,1,0,2014-04-01,11:55,110,7,3,3,1,1,0,1,9,0,0
44971,3,1365,2,2,2,2014-04-01,21:54,110,14,3,3,1,1,0,0,10,0,0
45044,3,184,2,1,1,2014-04-01,15:00,100,7,2,3,1,1,0,1,1,0,0
45305,2,444,2,1,0,2014-05-01,18:15,60,3,3,3,1,0,0,0,6,0,0
45337,2,677,2,1,0,2014-05-01,17:40,60,3,3,3,1,1,0,0,6,0,0
45428,3,199,2,1,0,2014-05-01,14:20,100,1,3,4,1,1,0,1,10,0,0
45515,2,877,2,1,1,2014-05-01,11:15,60,3,3,4,1,1,0,1,3,0,0
45813,3,1563,1,1,3,2014-05-01,16:45,110,7,3,3,1,1,0,1,12,0,0
46406,3,42,2,1,1,2014-05-01,12:35,100,7,3,4,1,1,0,1,1,0,0
46410,3,958,2,1,0,2014-05-01,22:05,80,7,2,3,1,0,0,0,3,0,0
46848,3,1473,2,1,1,2014-06-01,18:45,110,14,3,3,1,1,0,0,10,0,0
46932,2,1001,2,1,0,2014-06-01,14:04,60,14,3,3,1,1,0,1,10,0,0
47345,3,887,1,1,0,2014-06-01,13:30,100,7,2,4,2,1,0,1,12,0,0
47721,3,1559,3,2,2,2014-06-01,07:30,110,7,3,3,1,1,0,1,13,0,0
47891,3,1307,1,1,0,2014-06-01,19:30,100,7,3,4,2,1,0,0,12,0,0
48147,3,1455,3,1,1,2014-07-01,14:45,80,1,3,3,1,1,0,1,10,0,0
48191,3,962,3,1,0,2014-07-01,06:40,110,7,3,3,1,0,0,0,3,0,0
48269,2,399,3,1,0,2014-07-01,17:40,60,3,3,3,1,1,0,0,1,0,0
48470,3,1560,1,2,6,2014-07-01,10:50,110,7,3,3,1,1,0,1,12,0,0
48508,3,39,2,1,8,2014-07-01,19:20,100,7,3,2,2,1,0,0,12,0,0
48789,2,384,2,1,0,2014-07-01,20:56,50,7,2,3,1,1,0,0,3,0,0
49182,2,374,2,1,1,2014-07-01,18:20,100,7,3,3,1,0,1,0,3,0,0
49240,2,388,2,1,0,2014-07-01,08:35,60,7,3,3,1,1,0,1,6,0,0
49532,3,1606,2,1,1,2014-08-01,16:25,110,7,3,3,1,1,0,1,13,0,0
49558,3,75,2,1,1,2014-08-01,09:10,90,14,3,3,1,1,0,1,10,0,0
50009,2,1440,4,2,2,2014-08-01,13:15,60,1,3,1,1,1,0,1,9,0,0
50057,3,1009,2,1,1,2014-08-01,15:20,110,7,2,3,1,1,0,1,1,0,0
50269,3,739,2,1,2,2014-08-01,10:20,100,1,3,3,2,1,0,1,10,0,0
50485,3,482,2,2,1,2014-08-01,10:00,110,7,3,3,1,1,0,1,1,0,0
50843,3,1167,2,1,1,2014-09-01,17:30,100,7,2,3,2,1,0,1,3,0,0
50916,3,856,2,1,0,2014-09-01,08:55,100,7,3,3,1,1,0,1,12,0,0
51003,2,1410,2,1,0,2014-09-01,14:59,60,3,3,3,1,1,0,1,6,0,0
51145,3,1418,2,1,1,2014-09-01,09:25,110,7,3,3,1,1,0,1,3,0,0
51201,2,81,2,1,0,2014-09-01,15:30,60,7,2,4,1,1,0,1,3,0,0
51420,2,1266,3,1,0,2014-09-01,20:00,60,3,3,3,1,1,0,0,6,0,0
51490,3,256,1,1,0,2014-09-01,10:40,100,7,2,3,2,1,0,1,12,0,0
51507,2,1114,2,1,0,2014-09-01,12:22,60,1,3,3,1,1,0,1,6,0,0
51617,2,1618,2,1,0,2014-09-01,06:45,100,7,1,4,1,0,0,1,3,0,0
51736,3,1091,2,1,0,2014-09-01,19:00,100,7,2,3,2,1,0,0,3,0,0
51773,3,1479,2,1,0,2014-09-01,15:33,80,7,1,3,1,1,0,1,1,0,0
51930,3,790,1,1,4,2014-10-01,19:01,110,7,3,3,1,1,0,0,12,0,0
52086,3,1039,3,1,2,2014-10-01,06:15,100,7,3,3,1,1,0,0,2,0,0
52343,3,1407,2,1,0,2014-10-01,08:30,100,7,2,3,2,1,0,1,3,0,0
52564,2,665,2,1,0,2014-10-01,11:50,20,7,3,3,1,1,0,1,6,0,0
52567,3,156,2,1,1,2014-10-01,07:35,100,7,3,2,1,1,0,1,1,0,0
52679,3,1088,2,1,2,2014-10-01,16:04,100,7,2,3,1,1,0,1,1,0,0
52785,2,11,2,1,0,2014-10-01,16:55,50,14,3,3,1,1,0,1,10,0,0
52854,3,274,2,1,4,2014-10-01,22:00,100,7,2,3,2,1,0,0,3,0,0
52861,2,1053,2,1,0,2014-10-01,21:00,60,1,3,3,1,0,1,0,11,0,0
53280,3,1563,2,2,4,2014-11-01,17:45,110,7,3,3,1,1,0,1,1,0,0
53366,2,454,2,1,0,2014-11-01,19:05,60,3,3,3,1,1,0,1,3,0,0
53567,2,799,2,1,0,2014-11-01,14:45,70,1,3,3,1,1,0,1,11,0,0
53666,3,437,2,1,0,2014-11-01,18:45,100,7,2,4,2,1,0,1,12,0,0
53710,2,1589,2,1,0,2014-11-01,17:55,60,3,3,3,1,1,0,1,6,0,0
53834,3,903,2,1,2,2014-11-01,13:50,100,7,2,1,1,1,0,1,1,0,0
54347,3,39,2,1,0,2014-11-01,20:40,110,7,3,3,1,1,0,0,2,0,0
54423,3,552,3,4,3,2014-12-01,11:30,110,14,2,3,1,1,0,1,10,0,0
54504,2,658,2,1,0,2014-12-01,21:30,50,7,3,3,1,1,0,0,5,0,0
54575,2,1221,2,1,0,2014-12-01,23:45,50,7,3,3,1,1,0,0,6,0,0
54622,2,578,2,1,0,2014-12-01,00:25,60,1,3,3,1,1,0,0,6,0,0
54765,3,1195,3,1,0,2014-12-01,16:30,110,7,2,3,1,1,0,1,6,0,0
54875,3,1249,2,1,1,2014-12-01,21:15,100,6,2,3,2,1,0,0,12,0,0
54915,3,1156,2,1,0,2014-12-01,21:25,50,3,2,3,1,1,0,0,6,0,0
55292,3,581,2,1,5,2014-12-01,14:50,100,7,1,4,1,1,0,1,1,0,0
55298,3,450,2,1,0,2014-12-01,06:00,100,7,3,3,1,1,0,1,3,0,0
55540,3,1284,1,1,1,2014-12-01,11:35,110,3,2,3,1,1,0,1,12,0,0
55565,2,229,2,1,1,2014-12-01,08:20,80,7,2,4,1,0,1,1,1,0,0
55572,3,826,2,2,3,2014-12-01,00:05,110,7,3,3,1,1,0,0,1,0,0
55589,2,1585,2,1,0,2014-12-01,01:10,60,3,3,3,1,1,0,0,6,0,0
55609,3,632,2,1,2,2014-12-01,23:00,110,14,2,3,1,1,0,0,3,0,0
55611,3,257,2,1,6,2014-12-01,11:50,100,7,3,3,1,1,0,1,1,0,0
55645,3,735,2,1,0,2014-12-01,08:45,100,7,1,4,1,1,0,1,3,0,0
56168,2,1347,2,1,0,2015-01-01,20:05,60,3,3,3,1,1,0,1,5,0,0
56450,2,669,2,1,0,2015-01-01,15:55,10,9,3,3,1,1,0,1,3,0,0
56606,2,118,2,1,0,2015-01-01,22:10,50,7,2,3,1,1,0,0,3,0,0
56713,2,235,2,1,0,2015-01-01,00:55,80,7,2,4,1,1,0,0,3,0,0
56800,2,234,2,1,0,2015-01-01,13:04,60,1,3,3,1,1,0,1,13,0,0
56843,3,134,1,1,0,2015-01-01,20:22,110,7,3,3,1,1,0,1,12,0,0
56922,3,321,2,3,1,2015-01-01,16:44,110,7,2,3,1,1,0,1,1,0,0
56983,3,838,2,2,0,2015-01-01,09:10,110,7,3,3,1,1,0,1,1,0,0
57027,3,1560,1,1,0,2015-01-01,19:45,110,7,3,3,1,1,0,1,12,0,0
57050,3,1274,2,1,0,2015-01-01,19:08,100,7,2,4,1,1,0,0,1,0,0
57579,2,760,2,1,0,2015-02-01,12:02,110,4,3,3,1,1,0,1,6,0,0
58001,2,1228,2,1,1,2015-02-01,10:35,60,1,3,3,1,1,0,1,10,0,0
58204,1,3,2,1,0,2015-02-01,07:20,50,1,3,3,1,1,0,1,6,0,0
58344,2,806,2,1,1,2015-02-01,16:05,100,14,2,2,1,1,0,1,1,0,0
59031,3,585,2,1,3,2015-03-01,10:00,100,7,3,3,1,1,0,1,12,0,0
59585,2,1423,2,1,0,2015-03-01,13:35,60,1,3,3,1,1,0,1,6,0,0
59603,2,486,2,1,0,2015-03-01,16:30,60,3,3,3,1,1,0,1,6,0,0
59938,3,1120,2,1,2,2015-04-01,15:45,100,7,1,3,2,1,0,1,3,0,0
60051,2,565,3,1,1,2015-04-01,07:00,60,3,3,3,1,1,0,1,1,0,0
60125,3,767,2,1,0,2015-04-01,21:35,100,7,2,3,1,1,0,0,3,0,0
60249,2,663,2,1,1,2015-04-01,09:01,60,7,3,3,1,1,0,1,3,0,0
60559,3,735,3,1,5,2015-04-01,14:38,110,7,3,3,1,1,0,1,1,0,0
60582,3,777,2,1,1,2015-04-01,13:15,100,1,2,1,1,1,0,1,10,0,0
60604,3,95,2,1,3,2015-04-01,14:35,100,14,2,3,1,1,0,1,11,0,0
60638,2,496,2,1,0,2015-04-01,16:00,50,14,3,3,1,1,0,1,6,0,0
60721,3,1462,2,1,0,2015-04-01,18:15,100,7,3,3,1,1,0,0,3,0,0
61073,2,374,2,1,0,2015-05-01,13:40,80,7,3,4,1,1,0,1,10,0,0
61750,2,9,2,1,0,2015-05-01,19:28,50,7,1,2,1,1,0,0,3,0,0
61804,2,1065,2,1,0,2015-05-01,00:53,60,3,3,3,1,0,1,0,3,0,0
61912,3,35,2,1,2,2015-05-01,18:36,110,7,3,3,1,1,0,0,9,0,0
62010,3,1211,2,1,0,2015-05-01,21:40,100,7,3,3,1,1,0,0,3,0,0
62023,2,488,2,1,1,2015-05-01,06:59,60,14,3,4,1,1,0,0,10,0,0
62141,3,730,2,1,0,2015-05-01,16:00,100,7,1,4,1,0,0,1,3,0,0
62285,2,629,2,1,2,2015-05-01,09:00,80,14,2,3,1,1,0,1,10,0,0
62508,3,581,2,1,0,2015-06-01,18:10,100,7,2,4,1,0,0,0,3,0,0
62569,3,1372,2,1,0,2015-06-01,03:15,100,7,2,3,1,1,0,0,3,0,0
62631,3,85,3,3,4,2015-06-01,11:13,100,14,3,3,1,1,0,1,1,0,0
62898,2,1451,2,1,3,2015-06-01,18:50,110,14,3,3,1,0,0,0,11,0,0
62937,3,861,3,1,2,2015-06-01,18:20,110,7,3,3,1,1,0,0,1,0,0
62962,2,785,2,1,0,2015-06-01,08:40,60,14,3,3,1,1,0,1,10,0,0
63335,2,1603,2,1,0,2015-06-01,18:19,60,3,2,4,1,1,0,0,1,0,0
63338,3,142,3,1,0,2015-06-01,19:55,110,7,3,3,1,1,0,0,6,0,0
63345,2,1488,2,1,2,2015-06-01,10:00,80,1,3,3,1,1,0,1,10,0,0
63577,2,338,2,1,0,2015-08-01,09:35,50,7,3,3,1,1,0,1,6,0,0
63674,3,1190,1,1,0,2015-07-01,09:20,110,7,3,3,1,1,0,1,12,0,0
64262,2,805,2,1,1,2015-07-01,14:30,80,7,2,4,1,1,0,1,1,0,0
64263,2,1052,3,1,1,2015-07-01,15:45,80,7,2,4,1,1,0,1,9,0,0
64366,3,360,3,1,0,2015-07-01,18:09,110,3,3,3,1,1,0,0,6,0,0
65058,2,602,2,1,0,2015-08-01,19:12,50,7,3,4,1,1,0,0,6,0,0
65151,3,282,2,2,0,2015-08-01,14:09,110,7,3,3,1,1,0,1,1,0,0
65228,3,1369,1,1,0,2015-08-01,16:05,100,7,3,3,2,0,1,1,12,0,0
65431,2,14,2,1,0,2015-08-01,09:15,50,7,3,3,1,1,0,1,6,0,0
65504,3,1473,3,1,0,2015-08-01,18:40,110,7,2,3,1,1,0,0,3,0,0
65576,3,1203,2,1,0,2015-08-01,00:25,60,7,2,3,1,1,0,0,3,0,0
65640,3,691,1,1,1,2015-08-01,17:19,110,7,3,3,1,1,0,1,12,0,0
65691,2,583,3,1,1,2015-08-01,01:15,60,3,2,4,1,1,0,0,6,0,0
65802,3,1213,1,1,0,2015-08-01,15:34,110,7,2,3,1,1,0,1,12,0,0
66216,3,875,2,1,0,2015-09-01,15:37,110,7,3,3,1,1,0,1,3,0,0
66364,3,1037,2,1,1,2015-09-01,01:50,110,7,3,3,1,1,0,0,3,0,0
66543,3,960,4,1,0,2015-09-01,22:44,110,7,2,4,1,1,0,0,4,0,0
66597,3,802,3,1,0,2015-09-01,09:35,60,14,3,4,1,1,0,1,3,0,0
66665,3,1147,2,1,0,2015-09-01,16:06,60,7,2,1,1,1,0,1,1,0,0
66835,2,883,2,1,0,2015-09-01,11:15,50,7,3,4,1,1,0,1,6,0,0
67198,2,1488,2,1,0,2015-09-01,06:15,90,7,3,3,1,1,0,1,1,0,0
67343,3,1044,1,1,1,2015-10-01,05:30,100,7,2,3,2,1,0,0,12,0,0
67395,2,1383,2,1,1,2015-10-01,01:15,60,7,2,3,1,1,0,0,3,0,0
67409,2,487,2,1,0,2015-10-01,20:15,60,14,2,3,1,1,0,0,6,0,0
67481,3,1455,2,1,1,2015-10-01,12:30,80,1,3,4,1,1,0,1,10,0,0
67633,3,1312,2,1,0,2015-10-01,09:53,50,1,3,1,1,1,0,1,10,0,0
67644,2,1052,2,1,1,2015-10-01,12:40,80,7,1,4,1,1,0,1,1,0,0
67668,3,874,2,1,0,2015-10-01,13:50,110,7,2,3,1,1,0,1,3,0,0
67671,3,828,1,1,0,2015-10-01,13:37,110,7,2,3,1,1,0,1,12,0,0
67718,2,852,2,1,0,2015-10-01,16:06,10,9,3,3,1,1,0,1,6,0,0
67758,2,1065,2,1,0,2015-10-01,14:07,60,14,3,3,1,1,0,1,3,0,0
67814,3,1360,2,1,0,2015-10-01,16:20,80,7,2,3,1,1,0,1,13,0,0
67902,2,564,2,1,0,2015-10-01,14:15,60,3,3,3,1,0,1,1,3,0,0
67922,3,1430,3,1,1,2015-10-01,20:08,100,7,3,3,1,1,0,0,3,0,0
67937,2,733,2,1,0,2015-10-01,09:00,80,7,2,4,1,1,0,1,3,0,0
67981,3,367,2,1,2,2015-10-01,11:55,100,7,1,2,2,1,0,1,3,0,0
68039,2,591,1,1,0,2015-10-01,17:40,60,7,3,3,1,1,0,1,8,0,0
68194,2,1074,2,1,0,2015-10-01,14:20,60,14,3,3,1,1,0,1,11,0,0
68244,3,123,2,1,0,2015-10-01,10:20,110,7,3,3,1,1,0,1,3,0,0
68300,3,552,3,1,0,2015-10-01,15:55,50,7,3,3,1,1,0,1,6,0,0
68813,2,384,2,1,0,2015-11-01,22:00,50,7,3,3,1,1,0,0,6,0,0
68855,3,545,2,1,0,2015-11-01,11:00,110,7,3,3,1,1,0,1,3,0,0
68932,3,888,2,1,0,2015-11-01,16:10,110,7,2,3,1,1,0,1,3,0,0
69246,3,1449,2,1,0,2015-11-01,09:43,50,14,1,3,1,0,0,1,2,0,0
69361,2,1488,4,1,1,2015-11-01,06:00,80,1,3,3,1,1,0,1,10,0,0
69381,3,1334,1,1,0,2015-11-01,14:40,100,7,2,4,2,1,0,1,12,0,0
69799,3,176,2,1,0,2015-11-01,01:40,110,7,3,3,1,1,0,0,3,0,0
69830,2,1508,4,1,2,2015-11-01,15:50,60,3,3,3,1,1,0,1,6,0,0
69970,3,1389,2,1,0,2015-12-01,19:00,60,7,3,3,1,1,0,1,6,0,0
70022,3,1399,2,1,0,2015-12-01,13:10,60,7,3,3,1,1,0,1,1,0,0
70421,3,745,2,1,0,2015-12-01,04:30,110,7,3,3,1,1,0,0,3,0,0
70525,3,284,2,1,1,2015-12-01,09:45,110,7,3,3,1,1,0,1,1,0,0
70777,3,745,2,1,0,2015-12-01,09:50,110,7,3,3,1,1,0,1,1,0,0
71098,1,3,2,1,0,2016-11-01,13:45,50,3,3,3,1,1,0,1,6,0,0
71680,3,1535,2,1,0,2016-12-01,12:00,100,1,3,4,2,1,0,1,10,0,0
72486,3,1215,1,1,1,2016-12-01,01:48,100,7,1,4,2,1,0,0,12,0,0
73175,3,1298,2,1,0,2016-12-01,14:21,100,7,1,3,1,1,0,1,3,0,0
73184,2,1578,2,1,1,2016-12-01,19:00,60,7,3,2,1,1,0,1,3,0,0
73304,3,1102,1,1,3,2016-12-01,20:00,100,7,2,3,2,1,0,1,12,0,0
73349,3,238,1,1,0,2016-12-01,12:10,110,7,3,3,1,1,0,1,12,0,0
73926,3,332,1,1,0,2016-01-01,01:00,110,7,2,3,1,1,0,0,12,0,0
74132,2,529,3,3,6,2016-01-01,11:50,80,14,3,3,1,1,0,1,11,0,0
74413,3,1336,3,1,3,2016-01-01,06:00,110,7,3,3,1,1,0,0,1,0,0
74469,3,138,1,1,0,2016-01-01,18:25,100,7,2,3,1,1,0,1,12,0,0
74921,3,280,2,1,1,2016-01-01,03:10,100,7,3,3,1,1,0,0,1,0,0
75027,2,711,2,1,3,2016-02-01,20:05,60,3,3,3,1,1,0,1,6,0,0
75070,2,1267,2,1,0,2016-02-01,16:35,50,7,2,4,1,1,0,1,1,0,0
75081,2,1053,2,1,0,2016-02-01,07:23,60,14,2,3,1,1,0,1,9,0,0
75161,2,566,1,1,0,2016-02-01,07:56,50,1,3,3,1,1,0,1,12,0,0
76266,2,1234,2,1,0,2016-03-01,08:15,60,1,2,3,1,1,0,1,6,0,0
76300,3,596,2,1,0,2016-03-01,08:15,100,7,3,3,1,1,0,1,6,0,0
76395,3,724,2,2,0,2016-03-01,22:50,110,7,3,3,1,1,0,0,3,0,0
76686,2,359,3,1,2,2016-03-01,06:10,90,4,3,3,1,1,0,0,3,0,0
76688,3,540,2,1,0,2016-03-01,06:30,50,7,2,3,1,1,0,0,3,0,0
76822,3,179,4,1,2,2016-03-01,10:30,100,7,2,3,1,1,0,1,9,0,0
77332,3,1009,2,1,5,2016-03-01,15:20,80,7,3,3,1,1,0,1,1,0,0
77641,2,900,2,1,0,2016-04-01,19:40,100,1,3,3,1,1,0,0,10,0,0
77941,3,938,3,1,2,2016-04-01,11:30,80,7,3,3,1,1,0,1,13,0,0
77945,3,75,2,1,0,2016-04-01,12:25,80,7,3,3,1,1,0,1,3,0,0
78056,3,1006,1,1,0,2016-04-01,22:00,110,7,2,3,1,1,0,0,12,0,0
78170,3,822,2,4,4,2016-04-01,12:35,110,7,3,3,1,1,0,1,1,0,0
78248,3,1325,2,1,0,2016-04-01,09:10,100,7,2,3,1,1,0,1,12,0,0
78408,2,381,2,1,0,2016-04-01,19:50,50,7,2,3,1,1,0,0,3,0,0
78816,2,87,2,1,1,2016-05-01,16:30,70,3,3,3,1,1,0,1,9,0,0
79137,3,734,2,1,0,2016-05-01,22:20,110,7,2,3,1,0,1,0,3,0,0
79274,3,826,1,1,0,2016-05-01,13:49,110,7,3,3,1,1,0,1,12,0,0
79408,2,89,2,1,1,2016-05-01,15:35,50,9,1,3,1,1,0,1,3,0,0
79725,3,961,2,1,3,2016-05-01,20:55,100,1,2,3,1,1,0,0,10,0,0
79861,3,1530,2,1,3,2016-05-01,11:20,50,1,3,3,1,0,1,1,10,0,0
79994,3,1009,2,1,0,2016-05-01,10:00,50,7,3,3,1,1,0,1,4,0,0
80410,3,938,5,1,0,2016-06-01,15:40,50,7,3,4,1,1,0,1,5,0,0
80429,3,139,2,1,1,2016-06-01,19:15,80,14,3,3,1,1,0,0,11,0,0
80613,3,767,2,1,0,2016-06-01,04:10,100,7,3,3,1,1,0,0,3,0,0
80839,3,181,2,1,0,2016-06-01,18:00,110,7,3,3,1,0,0,0,3,0,0
80985,2,227,2,1,4,2016-06-01,09:55,80,7,2,4,1,0,1,1,1,0,0
81187,2,1133,2,1,0,2016-06-01,18:06,60,3,3,3,1,1,0,0,6,0,0
81340,3,510,2,1,0,2016-06-01,19:00,50,7,3,3,2,1,0,0,3,0,0
81838,3,75,2,1,0,2016-07-01,09:00,90,14,3,3,1,1,0,1,10,0,0
81849,3,184,2,1,0,2016-07-01,12:30,110,1,3,3,1,1,0,1,10,0,0
81886,3,1384,2,1,0,2016-07-01,12:15,50,9,2,3,2,1,0,1,3,0,0
82219,3,1471,1,1,0,2016-07-01,07:40,100,7,3,2,1,1,0,1,12,0,0
83095,2,374,2,1,0,2016-08-01,08:35,80,7,2,4,1,1,0,1,3,0,0
83436,2,388,2,1,0,2016-08-01,08:10,60,1,3,3,1,1,0,1,10,0,0
83477,2,1451,1,1,3,2016-08-01,02:50,110,3,3,3,1,1,0,0,12,0,0
83615,3,1600,2,1,3,2016-08-01,17:00,100,7,3,2,2,1,0,1,1,0,0
83762,2,1295,2,1,0,2016-08-01,11:14,80,1,3,3,1,1,0,1,11,0,0
83869,2,410,2,1,3,2016-08-01,18:10,80,14,3,3,1,1,0,0,11,0,0
84599,3,139,2,1,0,2016-09-01,23:05,80,7,2,3,1,0,0,0,3,0,0
84810,2,806,2,1,1,2016-09-01,13:35,80,7,3,2,1,1,0,1,1,0,0
84855,2,388,2,1,0,2016-09-01,23:45,80,1,3,3,1,0,0,0,6,0,0
85011,2,524,3,1,1,2016-09-01,14:45,50,14,2,4,1,1,0,1,6,0,0
85091,2,1451,2,1,3,2016-09-01,10:05,110,3,3,3,1,1,0,1,3,0,0
85172,2,1477,2,1,2,2016-09-01,15:00,110,12,3,4,1,1,0,1,13,0,0
85239,3,638,1,1,1,2016-09-01,02:00,100,7,1,3,1,1,0,0,12,0,0
85504,3,1334,2,1,7,2016-10-01,15:46,100,7,3,2,2,1,0,1,1,0,0
85531,2,1055,2,1,0,2016-10-01,15:30,60,14,3,3,1,1,0,1,6,0,0
85664,2,87,4,1,3,2016-10-01,21:15,40,14,3,1,1,1,0,0,10,0,0
85733,3,604,1,1,1,2016-10-01,16:37,110,7,3,3,1,1,0,1,12,0,0
86004,3,20,1,1,0,2016-10-01,18:30,50,7,2,3,2,1,0,1,12,0,0
86123,3,857,2,1,1,2016-10-01,11:00,110,7,3,3,1,1,0,1,1,0,0
86181,2,389,3,1,2,2016-10-01,22:00,60,1,3,3,1,1,0,0,10,0,0
86252,3,123,2,1,0,2016-10-01,07:10,110,7,3,3,1,0,1,1,3,0,0
86382,2,1201,2,1,4,2016-10-01,23:50,60,3,3,3,1,1,0,0,9,0,0
86437,2,10,2,1,1,2016-10-01,06:15,100,7,3,4,1,1,0,0,1,0,0
86932,3,292,2,1,2,2016-11-01,06:10,110,7,3,3,1,1,0,1,1,0,0
87081,3,588,2,1,0,2016-11-01,07:52,100,7,2,4,1,1,0,1,3,0,0
87341,2,1505,2,1,0,2016-11-01,21:45,80,3,3,3,1,1,0,0,6,0,0
87437,3,1085,3,4,0,2016-11-01,02:30,80,7,2,3,1,1,0,0,3,0,0
87473,3,946,2,1,2,2016-11-01,09:00,100,1,3,3,1,1,0,1,10,0,0
87543,2,514,2,1,0,2016-11-01,13:35,80,7,1,3,1,1,0,1,3,0,0
88122,2,1284,2,1,2,2017-01-01,09:25,100,1,3,3,1,1,0,1,10,0,0
88175,2,529,2,1,0,2017-01-01,21:00,10,9,3,3,1,1,0,0,6,0,0
88222,3,1045,2,1,2,2017-01-01,00:15,110,7,2,3,1,1,0,0,1,0,0
88723,3,755,2,2,1,2017-01-01,15:25,90,14,2,3,1,1,0,1,10,0,0
89063,3,1225,1,1,1,2017-02-01,23:15,100,7,1,4,2,1,0,0,12,0,0
89114,3,1366,2,1,0,2017-02-01,10:50,10,9,3,3,1,1,0,1,3,0,0
89215,3,632,2,1,1,2017-02-01,16:15,110,7,3,3,1,1,0,1,1,0,0
89267,2,357,2,1,0,2017-02-01,20:05,50,7,3,3,1,1,0,1,6,0,0
89889,2,1205,2,1,0,2017-03-01,07:13,70,3,2,4,1,1,0,1,3,0,0
89915,2,565,2,1,0,2017-03-01,22:00,40,7,3,3,1,1,0,0,5,0,0
90021,1,3,2,1,0,2017-03-01,00:25,50,7,3,3,1,1,0,0,6,0,0
90221,2,1133,2,1,0,2017-03-01,13:30,60,1,3,3,1,1,0,1,12,0,0
90292,3,1553,1,1,1,2017-03-01,03:00,110,7,3,3,1,1,0,0,12,0,0
90532,2,1556,2,1,0,2017-03-01,18:45,50,7,3,3,1,1,0,1,3,0,0
90972,3,135,2,1,1,2017-03-01,16:10,110,7,3,3,1,1,0,1,13,0,0
91091,3,24,1,1,0,2017-03-01,18:40,100,7,3,3,2,1,0,1,12,0,0
91248,2,916,2,1,0,2017-04-01,03:00,100,7,3,3,1,1,0,0,3,0,0
91284,3,1420,2,1,1,2017-04-01,15:00,50,7,3,3,1,1,0,1,1,0,0
91680,3,1161,2,1,0,2017-04-01,16:00,110,14,2,3,1,1,0,1,10,0,0
91716,3,184,2,1,3,2017-04-01,18:40,110,7,1,4,1,1,0,0,1,0,0
91867,2,388,3,1,0,2017-04-01,13:35,60,1,3,3,1,0,1,1,13,0,0
91921,3,962,3,1,0,2017-04-01,15:25,60,6,3,3,1,1,0,1,3,0,0
91936,2,1424,3,2,0,2017-04-01,06:04,110,3,1,3,1,0,1,0,1,0,0
92247,3,1527,2,1,0,2017-05-01,13:15,80,3,2,3,1,1,0,1,3,0,0
92446,3,1037,2,1,0,2017-05-01,14:00,100,7,2,3,1,1,0,1,3,0,0
92696,3,22,2,1,0,2017-05-01,11:00,80,7,3,3,1,1,0,1,3,0,0
92899,3,1208,2,1,0,2017-05-01,11:28,100,7,3,3,2,1,0,1,6,0,0
93197,2,1024,3,1,1,2017-05-01,14:30,60,14,3,4,1,1,0,1,13,0,0
93705,2,651,3,1,0,2017-06-01,17:45,25,9,3,4,1,1,0,0,6,0,0
93737,2,717,2,1,0,2017-06-01,15:02,60,3,2,4,1,1,0,1,3,0,0
93784,2,187,2,1,1,2017-06-01,23:40,50,7,3,3,1,1,0,0,3,0,0
93857,2,1321,2,1,0,2017-06-01,21:30,40,1,3,4,1,1,0,0,6,0,0
93898,3,590,2,2,2,2017-06-01,00:40,110,7,3,3,1,1,0,0,3,0,0
93972,2,799,2,1,0,2017-06-01,12:55,60,3,3,3,1,1,0,1,12,0,0
94227,2,445,2,1,0,2017-06-01,17:50,100,14,3,3,1,1,0,0,3,0,0
94229,3,1479,4,1,2,2017-06-01,17:30,110,14,3,3,1,0,1,0,9,0,0
94556,3,909,2,1,0,2017-07-01,13:48,100,7,3,4,1,1,0,1,2,0,0
94614,2,700,2,1,0,2017-07-01,08:40,60,14,3,3,1,0,0,1,6,0,0
94644,2,493,2,1,0,2017-07-01,19:10,50,7,3,3,1,0,1,0,6,0,0
94730,2,461,2,1,0,2017-07-01,11:20,50,1,3,3,1,0,1,1,6,0,0
94767,3,638,2,1,2,2017-07-01,23:20,50,7,2,4,1,0,0,0,3,0,0
94769,2,187,3,1,0,2017-07-01,04:00,50,7,3,3,1,1,0,0,6,0,0
94799,2,1583,2,1,0,2017-07-01,01:45,100,7,3,1,1,0,1,0,3,0,0
94912,3,1360,2,1,1,2017-07-01,13:45,80,4,3,3,1,1,0,1,1,0,0
95167,2,227,2,1,0,2017-07-01,14:32,80,7,3,4,1,1,0,1,13,0,0
95290,3,749,2,1,5,2017-07-01,12:08,110,1,3,3,1,1,0,1,10,0,0
95427,3,1366,2,1,1,2017-07-01,03:45,50,7,3,3,1,0,1,0,3,0,0
95596,2,484,3,1,1,2017-08-01,19:10,90,4,2,3,1,1,0,0,1,0,0
95618,2,591,2,1,0,2017-08-01,13:20,60,7,3,4,1,1,0,1,3,0,0
95998,3,1404,2,2,0,2017-08-01,04:10,100,7,2,3,1,1,0,0,3,0,0
96025,2,229,3,1,0,2017-08-01,13:05,80,7,1,4,1,1,0,1,3,0,0
96075,2,499,2,1,1,2017-08-01,19:46,60,14,3,3,1,0,1,0,10,0,0
96215,2,383,2,1,0,2017-08-01,15:30,60,3,2,3,1,1,0,1,10,0,0
96263,2,1236,2,1,1,2017-08-01,06:30,80,1,3,3,1,1,0,0,10,0,0
96337,2,1236,4,1,2,2017-08-01,17:00,80,3,3,3,1,1,0,1,1,0,0
96399,2,1049,2,1,2,2017-08-01,14:50,60,14,3,3,1,1,0,1,10,0,0
96532,2,27,2,1,1,2017-08-01,15:30,50,14,3,3,1,1,0,1,11,0,0
96542,2,956,2,1,0,2017-08-01,15:10,80,7,3,4,1,1,0,1,3,0,0
96606,3,834,1,1,0,2017-08-01,10:50,110,7,2,3,1,1,0,1,12,0,0
96618,3,947,3,1,1,2017-08-01,18:45,100,7,1,3,1,1,0,0,3,0,0
96712,2,427,3,1,0,2017-08-01,18:55,10,9,3,3,1,1,0,0,3,0,0
96790,2,1082,2,1,0,2017-09-01,17:30,80,1,3,3,1,1,0,1,10,0,0
97010,2,1005,5,1,0,2017-09-01,17:30,60,3,3,3,1,1,0,1,3,0,0
97177,3,895,2,1,0,2017-09-01,07:40,100,7,2,3,1,1,0,1,3,0,0
97414,3,861,2,1,0,2017-09-01,13:27,110,14,3,3,1,1,0,1,10,0,0
97484,3,1455,3,1,0,2017-09-01,23:20,40,7,2,3,2,1,0,0,3,0,0
97589,2,1451,2,1,0,2017-09-01,00:25,110,3,3,3,1,1,0,0,3,0,0
97810,2,1165,2,1,0,2017-10-01,21:20,60,7,3,3,1,1,0,0,6,0,0
97961,2,1263,2,1,1,2017-10-01,04:51,60,1,3,4,1,1,0,0,3,0,0
98038,2,129,2,2,3,2017-10-01,19:17,90,14,3,3,1,1,0,1,11,0,0
98527,2,1240,2,1,0,2017-10-01,07:40,50,7,3,3,1,1,0,1,9,0,0
98595,3,1362,2,1,0,2017-10-01,12:04,110,3,2,3,1,1,0,1,3,0,0
98661,2,1004,4,1,0,2017-10-01,08:25,60,3,3,3,1,1,0,1,5,0,0
98664,2,1423,2,1,0,2017-10-01,11:53,60,1,3,3,1,1,0,1,6,0,0
98844,3,869,2,1,0,2017-10-01,18:40,100,7,2,3,1,1,0,1,3,0,0
99145,3,551,1,1,0,2017-11-01,01:00,110,7,2,3,1,1,0,0,12,0,0
99165,3,1554,2,1,0,2017-11-01,23:20,110,14,3,3,1,1,0,0,10,0,0
99317,3,697,2,1,3,2017-11-01,06:33,100,7,3,3,1,1,0,1,3,0,0
99600,3,767,2,3,0,2017-11-01,16:40,100,1,3,3,1,1,0,1,10,0,0
99603,3,1400,1,1,0,2017-11-01,16:30,100,7,2,3,2,1,0,1,12,0,0
99677,2,700,2,1,0,2017-11-01,22:50,60,3,3,3,1,1,0,0,6,0,0
99788,2,603,2,1,0,2017-11-01,11:28,80,7,1,3,1,1,0,1,12,0,0
99883,2,154,2,1,0,2017-11-01,12:08,60,3,3,3,1,1,0,1,6,0,0
99940,1,3,2,1,0,2017-11-01,18:20,30,14,3,3,1,1,0,1,6,0,0
100053,3,1543,4,1,0,2017-12-01,18:20,50,7,3,4,1,1,0,1,6,0,0
100386,2,629,2,1,0,2017-12-01,06:45,60,7,3,3,1,1,0,1,12,0,0
100530,2,710,2,1,0,2017-12-01,20:40,50,7,3,3,1,1,0,0,3,0,0
100680,2,202,2,1,0,2017-12-01,21:42,60,3,3,3,1,0,1,0,6,0,0
100798,3,1362,2,1,0,2017-12-01,05:30,110,7,3,3,1,1,0,0,12,0,0
100818,2,625,2,1,0,2017-12-01,17:40,80,7,2,3,1,1,0,1,3,0,0
100880,2,1114,2,1,0,2017-12-01,21:00,60,3,3,3,1,1,0,0,11,0,0
100962,3,288,2,1,2,2017-12-01,12:25,110,7,3,3,1,1,0,1,1,0,0
100998,2,258,2,1,0,2017-12-01,20:40,50,14,3,3,1,1,0,0,3,0,0
101244,3,1530,2,1,0,2018-01-01,06:40,50,1,3,3,1,1,0,1,6,0,0
101297,3,1248,2,1,3,2018-01-01,14:12,100,7,1,2,1,1,0,1,1,0,0
101316,3,1550,2,1,2,2018-01-01,07:00,100,14,3,4,1,1,0,1,11,0,0
101411,2,101,2,1,0,2018-01-01,17:40,50,7,2,3,1,1,0,1,3,0,0
101469,3,1418,2,1,0,2018-01-01,22:05,110,7,2,3,1,1,0,0,1,0,0
102139,2,1023,2,1,0,2018-02-01,10:00,50,14,3,4,1,1,0,1,13,0,0
102245,3,1125,2,1,0,2018-02-01,00:20,110,7,1,4,1,1,0,0,3,0,0
102803,3,897,1,1,1,2018-02-01,08:30,110,7,3,3,1,1,0,1,12,0,0
103124,3,959,2,1,0,2018-03-01,08:20,50,7,3,3,1,1,0,1,3,0,0
103199,3,1530,2,1,0,2018-03-01,17:40,60,1,3,4,1,1,0,1,10,0,0
103241,3,1455,2,1,1,2018-03-01,11:35,110,7,3,3,1,1,0,1,1,0,0
103301,3,938,3,1,1,2018-03-01,16:20,60,7,3,3,1,1,0,1,9,0,0
103341,2,1377,2,1,1,2018-03-01,18:43,60,7,3,3,1,1,0,1,1,0,0
103391,2,227,2,1,0,2018-03-01,16:15,100,14,2,4,1,1,0,1,10,0,0
103470,3,1362,2,1,1,2018-03-01,11:13,110,3,3,3,1,1,0,1,3,0,0
103657,3,1161,3,1,3,2018-03-01,06:00,110,7,3,3,1,1,0,0,1,0,0
103970,3,914,2,1,0,2018-03-01,09:20,100,7,2,2,1,1,0,1,9,0,0
104261,2,1316,2,1,0,2018-03-01,10:30,60,14,3,3,1,1,0,1,13,0,0
104280,3,1143,2,1,0,2018-03-01,19:30,100,7,3,3,1,1,0,0,6,0,0
104666,2,497,3,1,0,2018-04-01,22:00,60,3,3,3,1,1,0,0,3,0,0
104923,3,656,2,1,0,2018-04-01,08:15,110,7,3,3,1,0,1,1,3,0,0
104997,3,1385,2,1,0,2018-04-01,12:30,110,7,2,3,1,1,0,1,3,0,0
105192,3,550,2,1,0,2018-04-01,12:05,100,7,3,3,1,1,0,1,3,0,0
105237,3,1563,2,1,4,2018-04-01,18:30,110,7,3,3,1,1,0,0,12,0,0
105362,3,1568,2,1,5,2018-04-01,15:30,100,1,3,3,1,1,0,1,10,0,0
105430,3,1534,2,1,1,2018-04-01,05:10,110,7,3,3,1,1,0,0,5,0,0
105709,3,1135,2,1,0,2018-05-01,19:00,60,3,3,3,1,1,0,0,6,0,0
105944,3,70,1,1,5,2018-05-01,11:05,100,7,3,4,1,1,0,1,12,0,0
105992,3,1180,2,1,0,2018-05-01,08:20,110,7,3,4,1,1,0,1,9,0,0
106159,2,625,2,1,0,2018-05-01,01:42,80,7,3,3,1,0,1,0,12,0,0
106527,3,1343,2,1,1,2018-05-01,18:30,110,7,3,3,1,0,1,0,1,0,0
106565,3,581,2,1,0,2018-05-01,13:40,100,7,2,4,1,0,NULL,1,3,0,0
106650,3,30,1,1,0,2018-05-01,23:04,10,9,2,1,1,1,0,0,12,0,0
106724,3,99,1,1,1,2018-06-01,07:20,100,14,2,3,2,1,0,1,12,0,0
106834,3,1563,1,1,1,2018-06-01,13:19,110,7,3,3,1,1,0,1,12,0,0
107513,2,1618,2,1,0,2018-06-01,05:45,80,7,3,4,1,1,0,0,3,0,0
107514,2,1028,2,1,1,2018-06-01,02:35,50,7,3,3,1,1,0,0,3,0,0
107516,3,139,1,1,0,2018-06-01,23:50,100,7,3,3,1,1,0,0,12,0,0
108193,1,3,2,1,0,2018-07-01,20:32,25,3,3,4,1,1,0,0,6,0,0
108245,2,546,2,1,0,2018-07-01,12:25,60,7,1,4,1,1,0,1,1,0,0
108316,2,427,2,1,0,2018-07-01,16:30,60,1,3,3,1,1,0,1,11,0,0
108459,3,1430,2,1,0,2018-07-01,08:10,100,7,1,3,1,1,0,1,1,0,0
109062,3,402,2,1,0,2018-08-01,13:30,100,7,3,3,2,1,0,1,3,0,0
109391,3,1559,2,2,0,2018-08-01,04:24,110,7,3,3,1,1,0,0,5,0,0
110148,3,904,2,1,0,2018-09-01,08:30,110,14,3,3,1,1,0,1,1,0,0
110162,3,318,2,1,0,2018-09-01,12:45,110,14,3,3,1,1,0,1,10,0,0
110170,3,962,2,1,1,2018-09-01,16:28,110,7,3,3,1,1,0,1,3,0,0
110234,3,490,2,1,0,2018-09-01,16:00,110,7,3,3,1,1,0,1,3,0,0
110563,1,3,2,1,1,2018-09-01,22:45,60,14,3,3,1,1,0,0,11,0,0
110605,3,1592,2,2,2,2018-09-01,13:50,110,7,3,4,1,1,0,1,1,0,0
110745,2,229,2,1,1,2018-09-01,16:40,70,7,1,3,1,1,0,1,3,0,0
110855,3,1006,1,1,1,2018-09-01,11:00,110,7,3,3,1,1,0,1,12,0,0
111065,2,1505,1,1,0,2018-09-01,13:17,15,7,3,4,1,1,0,1,7,0,0
111533,3,290,2,1,1,2018-10-01,15:51,110,7,3,3,1,1,0,1,1,0,0
111584,3,1566,3,1,0,2018-10-01,20:30,100,7,2,1,1,1,0,0,3,0,0
112150,2,378,2,1,0,2018-10-01,06:00,80,14,3,3,1,1,0,0,11,0,0
112363,2,1222,2,1,2,2018-10-01,13:15,100,6,3,3,1,1,0,1,10,0,0
112584,3,85,2,2,0,2018-11-01,19:05,110,7,3,4,1,1,0,1,3,0,0
112798,3,1568,2,1,0,2018-11-01,21:30,100,7,3,3,2,1,0,0,2,0,0
112870,3,1278,2,1,0,2018-11-01,09:00,100,7,3,3,1,1,0,1,3,0,0
113100,3,279,1,1,3,2018-11-01,11:10,100,7,3,2,2,1,0,1,12,0,0
113169,2,1003,2,1,0,2018-11-01,14:22,60,7,1,4,1,1,0,1,1,0,0
113194,3,647,4,1,1,2018-11-01,08:00,110,7,3,3,1,1,0,1,1,0,0
113245,3,468,2,2,1,2018-11-01,16:40,100,7,2,2,1,1,0,1,1,0,0
113427,3,1393,2,1,0,2018-11-01,11:45,100,7,2,3,1,1,0,1,12,0,0
113500,2,1132,2,1,0,2018-11-01,15:00,70,3,3,4,1,0,1,1,3,0,0
113580,3,1284,2,1,0,2018-11-01,01:10,90,7,2,4,1,1,0,0,2,0,0
113682,3,1248,2,1,0,2018-12-01,06:15,100,7,3,3,1,1,0,1,3,0,0
113842,2,1023,2,1,0,2018-12-01,17:40,100,7,2,3,1,1,0,1,3,0,0
114328,2,1048,2,1,1,2018-12-01,22:35,60,3,1,2,1,1,0,0,3,0,0
114396,3,406,2,1,0,2018-12-01,09:15,80,7,2,3,1,1,0,1,3,0,0
114573,3,590,3,2,0,2018-12-01,11:35,110,1,3,3,1,1,0,1,1,0,0
114584,2,1238,2,1,0,2018-12-01,01:45,60,7,3,3,1,1,0,0,6,0,0
114606,2,546,2,1,0,2018-12-01,03:45,70,7,3,3,1,1,0,0,6,0,0
114632,2,310,2,1,0,2018-12-01,09:40,60,3,2,4,1,1,0,1,3,0,0
114751,3,284,2,1,1,2019-01-01,16:38,110,7,3,3,1,1,0,1,1,0,0
114785,2,1241,3,1,0,2019-01-01,11:55,70,3,3,3,1,1,0,1,13,0,0
114838,3,140,3,1,2,2019-01-01,15:00,110,7,3,3,1,1,0,1,13,0,0
114884,2,312,2,1,0,2019-01-01,10:50,60,7,3,4,1,1,0,1,3,0,0
115047,2,1193,4,1,0,2019-01-01,16:45,60,3,3,3,1,1,0,1,3,0,0
115125,2,1556,2,1,0,2019-01-01,10:40,50,1,3,3,1,1,0,1,6,0,0
115149,3,293,2,1,0,2019-01-01,07:30,110,7,3,3,1,1,0,1,9,0,0
115235,2,1236,3,1,0,2019-01-01,11:40,60,7,3,3,1,1,0,1,3,0,0
115308,3,360,2,1,0,2019-01-01,15:05,110,14,3,3,1,1,0,1,9,0,0
115463,2,27,2,1,4,2019-01-01,00:37,60,7,2,3,1,1,0,0,12,0,0
115504,2,385,2,1,0,2019-01-01,16:00,60,7,3,3,1,1,0,1,6,0,0
115581,2,1114,2,1,0,2019-01-01,14:38,60,3,3,3,1,1,0,1,6,0,0
115636,2,172,2,1,1,2019-01-01,15:00,100,7,2,3,1,1,0,1,1,0,0
115833,3,254,3,1,0,2019-02-01,13:50,110,9,3,3,2,1,0,1,6,0,0
115912,2,852,2,1,0,2019-01-01,09:07,10,10,3,3,1,1,0,1,6,0,0
116336,2,434,2,1,0,2019-02-01,02:00,40,1,3,3,1,1,0,0,3,0,0
116535,2,657,3,1,0,2019-02-01,16:55,80,7,1,2,1,1,0,1,3,0,0
116724,2,1201,3,1,0,2019-03-01,20:15,100,4,3,4,1,1,0,0,13,0,0
116743,2,340,2,1,0,2019-03-01,12:52,100,7,2,4,1,1,0,1,3,0,0
116855,3,1128,1,1,0,2019-03-01,06:45,110,7,3,3,1,1,0,0,12,0,0
116889,2,1165,2,1,0,2019-03-01,09:10,60,3,3,4,1,1,0,1,6,0,0
116913,3,1418,2,1,1,2019-03-01,17:44,110,7,3,3,1,1,0,1,1,0,0
117096,2,806,2,1,0,2019-03-01,21:38,80,7,3,4,1,1,0,0,1,0,0
117097,3,1330,2,2,1,2019-03-01,12:45,110,7,2,3,1,1,0,1,1,0,0
117487,3,749,3,1,2,2019-03-01,15:15,110,3,3,3,1,1,0,1,5,0,0
117511,2,1284,1,1,0,2019-03-01,09:45,110,3,3,4,1,1,0,1,12,0,0
117628,3,75,2,1,2,2019-03-01,19:25,90,14,3,3,1,1,0,0,10,0,0
117639,2,266,3,1,0,2019-03-01,08:28,60,7,3,3,1,1,0,1,13,0,0
117675,3,1096,1,1,1,2019-03-01,12:20,110,7,3,3,1,1,0,1,12,0,0
117883,3,1141,3,1,0,2019-04-01,21:23,60,7,3,3,1,1,0,0,3,0,0
117981,3,1625,2,1,0,2019-04-01,08:14,110,7,3,2,1,1,0,1,13,0,0
118009,3,856,2,1,0,2019-04-01,02:27,110,4,3,3,1,1,0,0,9,0,0
118016,1,991,3,1,0,2019-04-01,11:05,50,7,3,3,1,1,0,1,3,0,0
118275,3,1135,3,1,0,2019-04-01,15:07,10,9,3,3,1,1,0,1,3,0,0
118280,3,535,2,1,0,2019-04-01,13:15,110,7,3,3,1,1,0,1,1,0,0
118515,3,845,2,2,0,2019-04-01,00:57,110,7,3,3,1,1,0,0,1,0,0
118534,3,1394,2,1,0,2019-04-01,07:15,100,7,3,3,1,1,0,1,3,0,0
118728,3,288,2,1,0,2019-04-01,17:00,110,7,3,3,1,1,0,1,1,0,0
118739,3,478,2,1,0,2019-04-01,04:28,110,4,3,4,1,1,0,0,9,0,0
119049,3,681,2,1,0,2019-05-01,08:35,110,7,2,3,1,1,0,1,3,0,0
119121,3,24,1,1,0,2019-05-01,10:30,100,7,3,4,2,1,0,1,12,0,0
119353,3,899,2,1,0,2019-05-01,17:46,50,7,3,3,1,1,0,0,6,0,0
119411,3,1043,3,1,1,2019-05-01,18:15,100,7,2,2,1,1,0,0,1,0,0
119609,3,1420,2,1,1,2019-05-01,04:30,100,7,2,3,1,1,0,0,3,0,0
119828,2,118,2,1,0,2019-05-01,12:00,50,7,3,3,1,1,0,1,6,0,0
119902,3,428,2,1,0,2019-05-01,15:55,100,7,3,3,1,0,1,1,3,0,0
119903,3,1605,2,1,0,2019-05-01,17:30,110,7,2,3,1,NULL,NULL,0,3,0,0
119906,2,1024,2,1,0,2019-05-01,23:20,80,7,2,3,1,0,NULL,0,3,0,0
119925,3,491,2,1,0,2019-05-01,13:25,100,7,3,4,1,1,0,1,3,0,0
120054,3,1300,2,1,0,2019-05-01,12:16,80,7,3,3,1,1,0,1,13,0,0
120065,3,1455,2,1,0,2019-05-01,17:20,110,7,3,3,1,1,0,0,1,0,0
120363,3,35,2,1,2,2019-06-01,14:14,110,1,3,3,1,1,0,1,13,0,0
120438,2,1505,5,1,3,2019-06-01,10:20,50,7,3,3,1,1,0,1,6,0,0
120713,3,1396,3,1,0,2019-06-01,13:00,100,1,3,3,1,1,0,1,3,0,0
120915,3,1216,3,1,1,2019-06-01,18:15,110,14,3,3,1,1,0,0,10,0,0
120918,2,497,4,1,1,2019-06-01,21:40,60,7,3,3,1,1,0,0,6,0,0
120919,3,1554,2,1,2,2019-06-01,20:50,110,3,3,3,1,1,0,0,1,0,0
121131,2,1015,3,1,0,2019-06-01,08:57,10,9,3,3,1,1,0,1,5,0,0
121159,3,1523,2,1,0,2019-06-01,18:45,110,7,3,3,1,1,0,0,1,0,0
121311,3,601,2,1,0,2019-07-01,14:35,100,7,3,3,2,1,0,1,3,0,0
121394,3,1362,2,1,0,2019-07-01,12:10,50,7,3,3,2,1,0,1,6,0,0
121489,3,938,2,1,0,2019-07-01,03:15,50,14,3,3,1,1,0,0,6,0,0
121612,3,306,2,1,0,2019-07-01,00:01,110,7,2,3,1,NULL,NULL,0,3,0,0
121940,2,696,2,1,0,2019-07-01,04:25,80,7,3,3,1,0,0,0,3,0,0
122137,3,755,4,1,2,2019-07-01,15:40,100,7,3,4,2,1,0,1,1,0,0
122219,3,990,2,1,0,2019-07-01,15:29,80,7,3,3,1,1,0,1,3,0,0
122221,3,903,1,1,0,2019-07-01,14:20,100,7,2,4,1,0,0,1,12,0,0
122559,3,1418,2,2,0,2019-08-01,11:40,110,7,3,3,1,1,0,1,1,0,0
122643,3,292,2,1,1,2019-08-01,13:30,110,7,3,3,1,1,0,1,3,0,0
122771,2,877,3,1,0,2019-08-01,14:10,70,1,3,3,1,1,0,1,3,0,0
122827,2,567,3,1,0,2019-08-01,11:05,110,8,2,4,1,1,0,1,3,0,0
122975,2,1235,2,1,0,2019-08-01,16:05,70,10,3,3,1,1,0,1,6,0,0
123304,2,1165,3,1,1,2019-08-01,10:00,25,9,3,3,1,1,0,1,6,0,0
123352,3,640,1,1,1,2019-08-01,15:50,110,7,3,3,1,1,0,1,12,0,0
123683,2,1200,3,1,0,2019-09-01,10:52,60,7,3,3,1,1,0,1,3,0,0
123740,3,135,2,1,0,2019-09-01,21:40,110,14,3,3,1,1,0,0,3,0,0
123842,2,312,3,1,0,2019-09-01,13:40,50,7,3,3,1,1,0,1,3,0,0
124578,2,657,2,1,1,2019-10-01,10:30,100,7,1,4,1,1,0,1,3,0,0
124592,3,1298,2,1,0,2019-10-01,06:20,110,7,3,3,1,1,0,1,3,0,0
124599,3,1059,2,1,0,2019-10-01,14:00,50,9,3,3,2,1,0,1,6,0,0
124733,2,1331,1,1,0,2019-10-01,09:06,10,9,3,3,1,1,0,1,8,0,0
124762,3,899,2,1,0,2019-10-01,00:10,50,7,3,3,1,1,0,0,6,0,0
124862,2,1590,3,1,0,2019-10-01,19:30,50,7,3,3,1,1,0,0,12,0,0
125081,2,806,3,1,2,2019-10-01,23:11,80,7,3,2,1,1,0,0,6,0,0
125373,2,1001,2,1,1,2019-10-01,20:50,60,3,3,3,1,1,0,0,6,0,0
125652,2,931,2,1,0,2019-11-01,20:45,60,14,3,3,1,1,0,0,11,0,0
125789,2,1444,3,1,1,2019-11-01,16:10,60,14,3,3,1,1,0,1,3,0,0
125817,3,1161,2,2,0,2019-11-01,10:15,100,14,2,3,1,1,0,1,10,0,0
125882,2,1049,2,1,0,2019-11-01,11:30,70,7,3,3,1,1,0,1,3,0,0
125909,3,969,2,1,0,2019-11-01,01:00,100,7,2,4,2,1,0,0,3,0,0
125938,2,696,2,1,0,2019-11-01,07:00,80,7,3,3,1,1,0,1,3,0,0
126023,2,671,2,1,0,2019-11-01,07:00,110,3,3,3,1,1,0,1,13,0,0
126270,2,629,2,1,0,2019-11-01,15:10,80,7,3,3,1,1,0,1,3,0,0
126299,2,1240,3,1,0,2019-11-01,15:40,80,1,3,3,1,1,0,1,9,0,0
126337,3,691,1,1,0,2019-11-01,18:45,110,7,3,3,1,1,0,1,12,0,0
126346,3,961,2,1,2,2019-11-01,10:05,100,1,3,3,1,1,0,1,10,0,0
126484,3,1399,3,1,4,2019-11-01,17:15,110,7,3,3,1,1,0,1,1,0,0
126946,3,284,2,1,0,2019-12-01,05:30,110,7,3,3,1,1,0,0,1,0,0
127196,3,1088,2,1,0,2019-12-01,16:55,100,7,3,4,1,1,0,1,3,0,0
127243,2,187,2,1,0,2019-12-01,04:20,70,7,3,3,1,1,0,0,1,0,0
127337,2,1133,2,1,0,2019-12-01,06:55,60,1,3,3,1,1,0,1,13,0,0
127347,3,225,3,1,0,2019-12-01,08:00,80,7,3,3,1,1,0,1,3,0,0
127393,3,708,2,1,0,2019-12-01,14:30,110,7,3,3,1,1,0,1,3,0,0
127400,2,439,2,1,0,2019-12-01,09:30,60,14,3,3,1,1,0,1,6,0,0
127438,3,1510,1,1,1,2019-12-01,14:00,100,9,3,3,2,0,0,1,12,0,0
127502,3,1006,2,1,0,2019-12-01,08:55,110,7,3,3,1,1,0,1,13,0,0
127520,2,390,3,1,0,2019-12-01,19:30,60,14,3,3,1,1,0,1,6,0,0
127558,2,852,2,1,0,2019-12-01,20:00,50,14,3,4,1,1,0,1,3,0,0
127567,2,109,4,1,0,2019-12-01,10:50,100,7,3,3,1,1,0,1,3,0,0
127591,3,328,2,1,0,2019-12-01,20:30,100,7,3,3,1,1,0,1,12,0,0
